image,class
2238184490-157438.JPG,0
2238187671-231730.JPG,0
2238352596-235323.JPG,0
2238454352-315055.JPG,0
2238454352-315056.JPG,0
2238506800-172131.JPG,0
2238566605-183229.JPG,0
2238583572-336176.JPG,0
2238584343-38594.JPG,0
2238584711-261209.JPG,0
2332527680-190222.JPG,0
2332527837-339657.JPG,0
2424122908-45599.JPG,0
2427874800-195968.JPG,0
2427874856-269986.JPG,0
2452381168-50785.JPG,0
2901936460-217599.JPG,0
2901946377-368285.JPG,0
2901949344-144231.JPG,0
2901952438-70684.JPG,0
2237852132-297902.JPG,50
2237852132-297903.JPG,50
2237904923-2743.JPG,50
2237916864-77413.JPG,50
2237924669-77708.JPG,50
2237944555-152014.JPG,50
2237946825-152094.JPG,50
2237955875-152528.JPG,50
2237959326-226939.JPG,50
2237959555-152814.JPG,50
2237963430-153084.JPG,50
2238088794-80324.JPG,50
2238124092-303918.JPG,50
2238124958-6415.JPG,50
2238125959-80762.JPG,50
2238131360-154905.JPG,50
2238146103-7533.JPG,50
2238146648-7577.JPG,50
2238148715-155911.JPG,50
2238149316-230097.JPG,50
2238149888-7819.JPG,50
2238150828-7874.JPG,50
2238153389-82288.JPG,50
2238167971-230924.JPG,50
2238169639-82885.JPG,50
2238170758-8641.JPG,50
2238181237-306649.JPG,50
2238211065-158706.JPG,50
2238211065-158707.JPG,50
2238211107-308053.JPG,50
2238213213-10484.JPG,50
2238213268-10489.JPG,50
2238219121-233354.JPG,50
2238312072-309224.JPG,50
2238314703-11575.JPG,50
2238348298-12609.JPG,50
2238349306-235162.JPG,50
2238349351-235163.JPG,50
2238349474-86932.JPG,50
2238353545-161269.JPG,50
2238401957-312666.JPG,50
2238401957-312667.JPG,50
2238404799-89387.JPG,50
2238424853-15828.JPG,50
2238428521-238419.JPG,50
2238431010-164403.JPG,50
2238434408-16229.JPG,50
2238438059-90633.JPG,50
2238438126-238912.JPG,50
2238446363-16939.JPG,50
2238453320-165697.JPG,50
2238454608-17301.JPG,50
2238454876-239773.JPG,50
2238456484-91575.JPG,50
2238456484-91576.JPG,50
2238460076-239967.JPG,50
2238464713-17733.JPG,50
2238470218-18307.JPG,50
2238470306-240800.JPG,50
2238471693-18488.JPG,50
2238478920-167815.JPG,50
2238479725-167935.JPG,50
2238482811-242410.JPG,50
2238482811-242411.JPG,50
2238483044-94317.JPG,50
2238483585-168540.JPG,50
2238490795-169624.JPG,50
2238492485-169874.JPG,50
2238496556-244424.JPG,50
2238504272-321043.JPG,50
2238508180-172441.JPG,50
2238508180-172442.JPG,50
2238508180-172443.JPG,50
2238508301-246366.JPG,50
2238510161-246737.JPG,50
2238511081-246893.JPG,50
2238513002-322531.JPG,50
2238517596-247872.JPG,50
2238517885-173995.JPG,50
2238519432-323495.JPG,50
2238524159-100712.JPG,50
2238524420-174983.JPG,50
2238526484-101139.JPG,50
2238530937-325640.JPG,50
2238556474-107063.JPG,50
2238556474-107065.JPG,50
2238557612-330875.JPG,50
2238557992-330945.JPG,50
2238559069-107674.JPG,50
2238562624-108469.JPG,50
2238562648-34048.JPG,50
2238569089-109678.JPG,50
2238570707-333313.JPG,50
2238573652-333885.JPG,50
2238574683-36379.JPG,50
2238578506-259674.JPG,50
2238580082-335415.JPG,50
2238589166-261757.JPG,50
2238589816-261809.JPG,50
2242671575-188069.JPG,50
2251781159-114675.JPG,50
2265771702-338013.JPG,50
2303159240-189787.JPG,50
2331570671-264158.JPG,50
2331570695-189948.JPG,50
2351007555-190810.JPG,50
2351007597-340183.JPG,50
2383041805-191456.JPG,50
2383041805-191457.JPG,50
2383042806-265816.JPG,50
2413150141-266507.JPG,50
2424122908-45597.JPG,50
2425495587-344401.JPG,50
2427872087-344643.JPG,50
2427873302-344955.JPG,50
2427874800-195966.JPG,50
2427874960-196006.JPG,50
2430664007-345523.JPG,50
2452380316-273159.JPG,50
2460547224-125966.JPG,50
2512864298-52065.JPG,50
2521519365-201055.JPG,50
2542589858-53009.JPG,50
2549106238-53321.JPG,50
2562049089-128832.JPG,50
2575120290-204200.JPG,50
2575121885-204625.JPG,50
2579432633-56371.JPG,50
2579432633-56372.JPG,50
2816363311-282424.JPG,50
2851420309-135405.JPG,50
2860299365-210604.JPG,50
2860301429-136318.JPG,50
2860301429-136319.JPG,50
2862688426-285903.JPG,50
2862690372-360944.JPG,50
2862690372-360945.JPG,50
2862697314-137348.JPG,50
2862697357-361248.JPG,50
2864904387-361872.JPG,50
2864910430-212557.JPG,50
2874305363-66147.JPG,50
2874308511-289330.JPG,50
2898626475-216916.JPG,50
2901935535-217549.JPG,50
2901940398-69735.JPG,50
2901941516-292832.JPG,50
2901943505-218124.JPG,50
2901945542-368244.JPG,50
2901945542-368246.JPG,50
2901947405-218409.JPG,50
2984614394-146152.JPG,50
2984622318-72658.JPG,50
2984631323-72998.JPG,50
2986398351-296241.JPG,50
2989724353-73946.JPG,50
2237943303-3816.JPG,55
2237956786-226761.JPG,55
2237957552-302038.JPG,55
2237957951-226848.JPG,55
2237967459-79431.JPG,55
2238120367-303798.JPG,55
2238136016-229255.JPG,55
2238152244-82239.JPG,55
2238191010-157826.JPG,55
2238346572-310176.JPG,55
2238360915-161650.JPG,55
2238480379-93819.JPG,55
2238486885-169014.JPG,55
2238494823-21989.JPG,55
2238506658-23979.JPG,55
2238516619-99570.JPG,55
2238553380-180700.JPG,55
2238556627-330607.JPG,55
2351007368-42436.JPG,55
2421821814-119190.JPG,55
2421821814-119192.JPG,55
2425493562-344015.JPG,55
2427875848-47721.JPG,55
2851429334-135597.JPG,55
2984619319-146319.JPG,55
2237889179-77053.JPG,60
2237911002-300431.JPG,60
2237933396-225982.JPG,60
2237956832-302002.JPG,60
2237970470-153404.JPG,60
2238123266-228689.JPG,60
2238209689-84523.JPG,60
2238215088-10598.JPG,60
2238216971-233136.JPG,60
2238344262-310051.JPG,60
2238370347-311360.JPG,60
2238449024-91287.JPG,60
2862689306-285913.JPG,60
2898626394-142527.JPG,60
2901936495-217609.JPG,60
2981233315-219799.JPG,60
2981246401-295383.JPG,60
2238331960-160267.JPG,61
2421822208-44896.JPG,61
2237887395-150908.JPG,62
2237909386-225208.JPG,62
2237915342-300582.JPG,62
2238117096-228518.JPG,62
2238147976-230017.JPG,62
2238150248-7842.JPG,62
2238193585-157984.JPG,62
2238209002-307914.JPG,62
2238215944-84914.JPG,62
2238417294-89724.JPG,62
2238425520-164147.JPG,62
2238429365-164336.JPG,62
2238435232-313954.JPG,62
2238460148-17536.JPG,62
2238477393-19219.JPG,62
2238502416-245420.JPG,62
2238555715-181081.JPG,62
2238558841-255662.JPG,62
2332528460-190439.JPG,62
2332528572-339811.JPG,62
2351006871-264880.JPG,62
2382324422-340581.JPG,62
2417207568-44448.JPG,62
2421821523-44729.JPG,62
2446760176-271984.JPG,62
2821592341-283245.JPG,62
2864903353-63853.JPG,62
2864903353-63854.JPG,62
2868471343-64662.JPG,62
2868471353-64666.JPG,62
2868471459-138653.JPG,62
2868474513-64892.JPG,62
2868481432-363324.JPG,62
2874310495-214715.JPG,62
2874311335-214735.JPG,62
2874314454-140639.JPG,62
2874317535-215143.JPG,62
2238068703-5707.JPG,66
2238164350-156692.JPG,66
2238195895-158059.JPG,66
2238214498-10564.JPG,66
2238328796-234138.JPG,66
2238339676-234624.JPG,66
2238382637-311841.JPG,66
2238385933-14317.JPG,66
2238421180-163999.JPG,66
2238507356-246186.JPG,66
2238562115-182456.JPG,66
2238591570-187800.JPG,66
2382321253-42701.JPG,66
2816362313-59520.JPG,66
2862687465-211233.JPG,66
2874317304-140775.JPG,66
2989734311-297397.JPG,66
2237862522-300103.JPG,67
2237885859-77043.JPG,67
2237905688-2747.JPG,67
2237906086-225188.JPG,67
2237914125-151144.JPG,67
2237914146-225325.JPG,67
2237914566-225351.JPG,67
2237917001-225460.JPG,67
2237917639-77445.JPG,67
2237918198-3059.JPG,67
2237921110-151423.JPG,67
2237921570-151441.JPG,67
2237921570-151443.JPG,67
2237922618-3248.JPG,67
2237929551-225875.JPG,67
2237933386-225981.JPG,67
2237937564-78062.JPG,67
2237939108-3700.JPG,67
2237957730-152670.JPG,67
2237958793-4509.JPG,67
2237959010-152777.JPG,67
2237960914-79077.JPG,67
2237961684-79137.JPG,67
2237962177-302332.JPG,67
2237962532-302350.JPG,67
2237964438-4909.JPG,67
2237965666-227367.JPG,67
2237972856-227631.JPG,67
2237972988-5241.JPG,67
2238051754-79908.JPG,67
2238068798-5713.JPG,67
2238086484-80241.JPG,67
2238087509-80290.JPG,67
2238093212-303597.JPG,67
2238145653-7490.JPG,67
2238148801-230065.JPG,67
2238150175-156003.JPG,67
2238150821-230212.JPG,67
2238150821-230213.JPG,67
2238151071-230229.JPG,67
2238151425-156098.JPG,67
2238151445-156102.JPG,67
2238151941-230282.JPG,67
2238153629-82295.JPG,67
2238157155-156349.JPG,67
2238157539-82405.JPG,67
2238165534-82772.JPG,67
2238177654-83123.JPG,67
2238204035-158343.JPG,67
2238206561-232551.JPG,67
2238209860-158595.JPG,67
2238212351-232851.JPG,67
2238213542-308194.JPG,67
2238213662-308204.JPG,67
2238213664-84781.JPG,67
2238214142-308240.JPG,67
2238214142-308241.JPG,67
2238214284-84837.JPG,67
2238214685-158919.JPG,67
2238214690-158920.JPG,67
2238214875-158929.JPG,67
2238214956-233000.JPG,67
2238215069-84879.JPG,67
2238215272-308299.JPG,67
2238215306-233014.JPG,67
2238215373-10621.JPG,67
2238215654-84899.JPG,67
2238215837-308349.JPG,67
2238216448-10692.JPG,67
2238216448-10693.JPG,67
2238216760-159075.JPG,67
2238216959-84997.JPG,67
2238217104-85018.JPG,67
2238217104-85020.JPG,67
2238217136-233154.JPG,67
2238217237-308441.JPG,67
2238217338-10755.JPG,67
2238217338-10756.JPG,67
2238217521-233193.JPG,67
2238217521-233195.JPG,67
2238217565-159144.JPG,67
2238217604-85078.JPG,67
2238218155-159195.JPG,67
2238218250-159208.JPG,67
2238218250-159209.JPG,67
2238218250-159210.JPG,67
2238218254-85159.JPG,67
2238218291-233285.JPG,67
2238218384-85178.JPG,67
2238218645-159248.JPG,67
2238218723-10870.JPG,67
2238218725-159250.JPG,67
2238218725-159251.JPG,67
2238218725-159252.JPG,67
2238218725-159253.JPG,67
2238218725-159254.JPG,67
2238218727-308582.JPG,67
2238218952-308597.JPG,67
2238219550-159323.JPG,67
2238219679-85283.JPG,67
2238219684-85285.JPG,67
2238219691-233394.JPG,67
2238219712-308646.JPG,67
2238219740-159341.JPG,67
2238219768-10934.JPG,67
2238219773-10937.JPG,67
2238219881-233410.JPG,67
2238219944-85310.JPG,67
2238220346-233443.JPG,67
2238220729-85364.JPG,67
2238220881-233464.JPG,67
2238220907-308704.JPG,67
2238221015-159423.JPG,67
2238221479-85410.JPG,67
2238221557-308732.JPG,67
2238221702-308749.JPG,67
2238222083-11059.JPG,67
2238222083-11060.JPG,67
2238222267-308761.JPG,67
2238222460-159472.JPG,67
2238241813-11177.JPG,67
2238242269-85511.JPG,67
2238258611-233639.JPG,67
2238261565-159655.JPG,67
2238267186-233744.JPG,67
2238267186-233745.JPG,67
2238276195-159760.JPG,67
2238279001-233829.JPG,67
2238279001-233830.JPG,67
2238279001-233831.JPG,67
2238282383-11423.JPG,67
2238282508-11424.JPG,67
2238282569-85761.JPG,67
2238284205-159806.JPG,67
2238285521-233857.JPG,67
2238285676-233859.JPG,67
2238288401-233872.JPG,67
2238289601-233881.JPG,67
2238296308-11479.JPG,67
2238301419-85851.JPG,67
2238305511-233974.JPG,67
2238305861-233977.JPG,67
2238309344-85886.JPG,67
2238315478-11582.JPG,67
2238315478-11583.JPG,67
2238315765-159947.JPG,67
2238319263-11603.JPG,67
2238319751-234028.JPG,67
2238324832-309287.JPG,67
2238327734-85975.JPG,67
2238328596-234126.JPG,67
2238328643-11688.JPG,67
2238328643-11689.JPG,67
2238328796-234140.JPG,67
2238329115-160081.JPG,67
2238330127-309463.JPG,67
2238330224-86100.JPG,67
2238330617-309479.JPG,67
2238330682-309486.JPG,67
2238330950-160197.JPG,67
2238330950-160198.JPG,67
2238331403-11837.JPG,67
2238331807-309538.JPG,67
2238332435-160294.JPG,67
2238332924-86231.JPG,67
2238333365-160331.JPG,67
2238333402-309616.JPG,67
2238334075-160350.JPG,67
2238334326-234422.JPG,67
2238336059-86300.JPG,67
2238336097-309690.JPG,67
2238338857-309768.JPG,67
2238338857-309769.JPG,67
2238339098-12107.JPG,67
2238341159-86491.JPG,67
2238341237-309873.JPG,67
2238341237-309874.JPG,67
2238341548-12215.JPG,67
2238341582-309899.JPG,67
2238341732-309909.JPG,67
2238341898-12239.JPG,67
2238342191-234766.JPG,67
2238342805-160664.JPG,67
2238342805-160665.JPG,67
2238342829-86564.JPG,67
2238343003-12313.JPG,67
2238343024-86573.JPG,67
2238343157-309984.JPG,67
2238343260-160678.JPG,67
2238343282-309990.JPG,67
2238343324-86593.JPG,67
2238343325-160682.JPG,67
2238343325-160683.JPG,67
2238343967-310027.JPG,67
2238344094-86643.JPG,67
2238344170-160725.JPG,67
2238344262-310048.JPG,67
2238344458-12378.JPG,67
2238344759-86683.JPG,67
2238344834-86693.JPG,67
2238345247-310105.JPG,67
2238346297-310170.JPG,67
2238346375-160863.JPG,67
2238346513-12494.JPG,67
2238346513-12495.JPG,67
2238346673-12508.JPG,67
2238346673-12510.JPG,67
2238347317-310229.JPG,67
2238347718-12577.JPG,67
2238347735-160967.JPG,67
2238347786-235083.JPG,67
2238348482-310311.JPG,67
2238348917-310336.JPG,67
2238349397-310367.JPG,67
2238349467-310376.JPG,67
2238349610-161064.JPG,67
2238350458-12733.JPG,67
2238350975-161142.JPG,67
2238351078-12765.JPG,67
2238351139-87013.JPG,67
2238351139-87014.JPG,67
2238351566-235285.JPG,67
2238352617-310516.JPG,67
2238353258-12854.JPG,67
2238353258-12855.JPG,67
2238353258-12856.JPG,67
2238353316-235356.JPG,67
2238354695-161318.JPG,67
2238354722-310637.JPG,67
2238354722-310638.JPG,67
2238354722-310639.JPG,67
2238355610-161357.JPG,67
2238355610-161358.JPG,67
2238355826-235484.JPG,67
2238355826-235485.JPG,67
2238355826-235486.JPG,67
2238356632-310743.JPG,67
2238356632-310744.JPG,67
2238357017-310770.JPG,67
2238357576-235590.JPG,67
2238357655-161487.JPG,67
2238358798-13173.JPG,67
2238359347-310888.JPG,67
2238362966-235858.JPG,67
2238373461-236216.JPG,67
2238374374-88026.JPG,67
2238375289-88066.JPG,67
2238375623-13845.JPG,67
2238375888-13856.JPG,67
2238376433-13881.JPG,67
2238376722-311601.JPG,67
2238377079-88130.JPG,67
2238377586-236383.JPG,67
2238377596-236384.JPG,67
2238378182-311655.JPG,67
2238378538-13952.JPG,67
2238379433-13978.JPG,67
2238379433-13979.JPG,67
2238380217-311716.JPG,67
2238381586-236535.JPG,67
2238381966-236559.JPG,67
2238381966-236561.JPG,67
2238382264-88362.JPG,67
2238382661-236598.JPG,67
2238382878-14153.JPG,67
2238382906-236610.JPG,67
2238383107-311869.JPG,67
2238383107-311870.JPG,67
2238385619-88541.JPG,67
2238385705-162667.JPG,67
2238385900-162676.JPG,67
2238387024-88603.JPG,67
2238387135-162731.JPG,67
2238387425-162748.JPG,67
2238387425-162749.JPG,67
2238387589-88620.JPG,67
2238388509-88669.JPG,67
2238389403-14505.JPG,67
2238389604-88711.JPG,67
2238389994-88729.JPG,67
2238391828-14602.JPG,67
2238391895-162942.JPG,67
2238392796-237070.JPG,67
2238393847-312362.JPG,67
2238394208-14682.JPG,67
2238394337-312379.JPG,67
2238394337-312380.JPG,67
2238395203-14711.JPG,67
2238395929-88955.JPG,67
2238395929-88957.JPG,67
2238396961-237189.JPG,67
2238396961-237190.JPG,67
2238399179-89087.JPG,67
2238402803-15030.JPG,67
2238403158-15063.JPG,67
2238405090-163471.JPG,67
2238410750-163681.JPG,67
2238412727-313159.JPG,67
2238413140-163786.JPG,67
2238414757-313189.JPG,67
2238416088-15520.JPG,67
2238416915-163851.JPG,67
2238416915-163852.JPG,67
2238417681-237956.JPG,67
2238418209-89752.JPG,67
2238418677-313280.JPG,67
2238419210-163915.JPG,67
2238419397-313291.JPG,67
2238419515-163934.JPG,67
2238419742-313308.JPG,67
2238421410-164010.JPG,67
2238421418-15684.JPG,67
2238421418-15685.JPG,67
2238421418-15686.JPG,67
2238421842-313382.JPG,67
2238422251-238134.JPG,67
2238422251-238137.JPG,67
2238422251-238138.JPG,67
2238422468-15722.JPG,67
2238422517-313409.JPG,67
2238422973-15740.JPG,67
2238423567-313460.JPG,67
2238423567-313461.JPG,67
2238425353-15861.JPG,67
2238425509-90054.JPG,67
2238425679-90068.JPG,67
2238426139-90081.JPG,67
2238427960-164256.JPG,67
2238427960-164257.JPG,67
2238428423-15995.JPG,67
2238429873-16057.JPG,67
2238430899-90247.JPG,67
2238431445-164420.JPG,67
2238431445-164421.JPG,67
2238431445-164422.JPG,67
2238432674-90325.JPG,67
2238433867-313896.JPG,67
2238434693-16239.JPG,67
2238434834-90419.JPG,67
2238435086-238688.JPG,67
2238435092-313948.JPG,67
2238435131-238691.JPG,67
2238435175-164615.JPG,67
2238436365-164705.JPG,67
2238437052-314098.JPG,67
2238437690-164809.JPG,67
2238440065-164979.JPG,67
2238448312-314817.JPG,67
2238449489-91306.JPG,67
2238449613-17092.JPG,67
2238449786-239581.JPG,67
2238451434-91380.JPG,67
2238451434-91381.JPG,67
2238452420-165663.JPG,67
2238452420-165664.JPG,67
2238452482-314986.JPG,67
2238452755-165679.JPG,67
2238452755-165680.JPG,67
2238453713-17263.JPG,67
2238455484-91532.JPG,67
2238455621-239800.JPG,67
2238458454-91663.JPG,67
2238458977-315246.JPG,67
2238462512-315362.JPG,67
2238462748-17639.JPG,67
2238465601-240249.JPG,67
2238466005-166288.JPG,67
2238466605-166364.JPG,67
2238466664-92111.JPG,67
2238467283-17958.JPG,67
2238467518-17993.JPG,67
2238467608-18005.JPG,67
2238467754-92225.JPG,67
2238468142-315881.JPG,67
2238468265-166555.JPG,67
2238468343-18091.JPG,67
2238468343-18092.JPG,67
2238468632-315949.JPG,67
2238469047-315995.JPG,67
2238469340-166679.JPG,67
2238469373-18197.JPG,67
2238469373-18200.JPG,67
2238469375-166684.JPG,67
2238469575-166712.JPG,67
2238469862-316093.JPG,67
2238470225-166803.JPG,67
2238470283-18312.JPG,67
2238470691-240843.JPG,67
2238470785-166866.JPG,67
2238471479-92679.JPG,67
2238471666-240962.JPG,67
2238471867-316315.JPG,67
2238471905-167010.JPG,67
2238472302-316384.JPG,67
2238472341-241059.JPG,67
2238472549-92828.JPG,67
2238472652-316430.JPG,67
2238472871-241130.JPG,67
2238472904-92872.JPG,67
2238472904-92873.JPG,67
2238473143-18732.JPG,67
2238473187-316515.JPG,67
2238473187-316517.JPG,67
2238473914-93014.JPG,67
2238474031-241299.JPG,67
2238474031-241300.JPG,67
2238474168-18876.JPG,67
2238474168-18880.JPG,67
2238474346-241334.JPG,67
2238474530-167316.JPG,67
2238474587-316672.JPG,67
2238474811-241385.JPG,67
2238474851-241389.JPG,67
2238474851-241390.JPG,67
2238475293-18994.JPG,67
2238475324-93163.JPG,67
2238475348-18998.JPG,67
2238475549-93171.JPG,67
2238475659-93182.JPG,67
2238475901-241467.JPG,67
2238475907-316786.JPG,67
2238476010-167436.JPG,67
2238476073-19064.JPG,67
2238476666-241552.JPG,67
2238476960-167531.JPG,67
2238476968-19175.JPG,67
2238477387-316941.JPG,67
2238477393-19218.JPG,67
2238477753-19263.JPG,67
2238477787-316988.JPG,67
2238477842-316993.JPG,67
2238478213-19311.JPG,67
2238478222-317038.JPG,67
2238478349-93484.JPG,67
2238478636-241777.JPG,67
2238478678-19405.JPG,67
2238480861-242095.JPG,67
2238481437-317502.JPG,67
2238481466-242193.JPG,67
2238481906-242265.JPG,67
2238482326-242321.JPG,67
2238482395-168348.JPG,67
2238482395-168349.JPG,67
2238482940-168431.JPG,67
2238483953-20246.JPG,67
2238486606-242939.JPG,67
2238488263-20993.JPG,67
2238490987-319011.JPG,67
2238492320-169840.JPG,67
2238492781-243905.JPG,67
2238493106-243929.JPG,67
2238493231-243953.JPG,67
2238493710-170023.JPG,67
2238493778-21850.JPG,67
2238493778-21852.JPG,67
2238493788-21853.JPG,67
2238494003-21887.JPG,67
2238494185-170080.JPG,67
2238494597-319471.JPG,67
2238494597-319472.JPG,67
2238494777-319483.JPG,67
2238494789-95982.JPG,67
2238495050-170156.JPG,67
2238495111-244157.JPG,67
2238495111-244159.JPG,67
2238495140-170174.JPG,67
2238495172-319536.JPG,67
2238495188-22051.JPG,67
2238495264-96039.JPG,67
2238495432-319558.JPG,67
2238495501-244240.JPG,67
2238495537-319570.JPG,67
2238495574-96086.JPG,67
2238495645-170267.JPG,67
2238495695-170280.JPG,67
2238495720-170286.JPG,67
2238495760-170296.JPG,67
2238495792-319623.JPG,67
2238495908-22171.JPG,67
2238496079-96172.JPG,67
2238496106-244332.JPG,67
2238496220-170393.JPG,67
2238496233-22224.JPG,67
2238496613-22288.JPG,67
2238496975-170555.JPG,67
2238497053-22356.JPG,67
2238497216-244550.JPG,67
2238497311-244563.JPG,67
2238497311-244564.JPG,67
2238497362-319936.JPG,67
2238497363-22414.JPG,67
2238497587-319997.JPG,67
2238497595-170657.JPG,67
2238497683-22480.JPG,67
2238497743-22493.JPG,67
2238497823-22505.JPG,67
2238497823-22509.JPG,67
2238497888-22520.JPG,67
2238497919-96491.JPG,67
2238497919-96493.JPG,67
2238497946-244664.JPG,67
2238498017-320105.JPG,67
2238498141-244690.JPG,67
2238498245-170754.JPG,67
2238498311-244725.JPG,67
2238498311-244726.JPG,67
2238498386-244736.JPG,67
2238498432-320176.JPG,67
2238498457-320177.JPG,67
2238498519-96594.JPG,67
2238498557-320194.JPG,67
2238498775-170846.JPG,67
2238499026-244839.JPG,67
2238499032-320259.JPG,67
2238499543-22805.JPG,67
2238499702-320384.JPG,67
2238499867-320417.JPG,67
2238500071-245035.JPG,67
2238500122-320437.JPG,67
2238500658-22999.JPG,67
2238500981-245178.JPG,67
2238501040-171200.JPG,67
2238501053-23063.JPG,67
2238501407-320623.JPG,67
2238501416-245246.JPG,67
2238501538-23143.JPG,67
2238501578-23152.JPG,67
2238501734-97149.JPG,67
2238501734-97150.JPG,67
2238501877-320668.JPG,67
2238501921-245332.JPG,67
2238501968-23207.JPG,67
2238502140-171386.JPG,67
2238502478-23295.JPG,67
2238503040-171522.JPG,67
2238503157-320824.JPG,67
2238503157-320826.JPG,67
2238503157-320827.JPG,67
2238503310-171564.JPG,67
2238504146-245659.JPG,67
2238504189-97513.JPG,67
2238504189-97514.JPG,67
2238504384-97561.JPG,67
2238504397-321054.JPG,67
2238504591-245714.JPG,67
2238504633-23636.JPG,67
2238504724-97630.JPG,67
2238504793-23666.JPG,67
2238504895-171808.JPG,67
2238504917-321120.JPG,67
2238505343-23759.JPG,67
2238505816-245905.JPG,67
2238506013-23864.JPG,67
2238506296-245994.JPG,67
2238506434-97887.JPG,67
2238506853-24020.JPG,67
2238506932-321460.JPG,67
2238507103-24057.JPG,67
2238507369-98056.JPG,67
2238507403-24091.JPG,67
2238507477-321558.JPG,67
2238507669-98108.JPG,67
2238507836-246274.JPG,67
2238507841-246275.JPG,67
2238507961-246295.JPG,67
2238507961-246298.JPG,67
2238508022-321636.JPG,67
2238508030-172407.JPG,67
2238508351-246374.JPG,67
2238508442-321719.JPG,67
2238508709-98312.JPG,67
2238508797-321775.JPG,67
2238508852-321788.JPG,67
2238508906-246491.JPG,67
2238508961-246509.JPG,67
2238509247-321858.JPG,67
2238509294-98415.JPG,67
2238509294-98416.JPG,67
2238509827-321956.JPG,67
2238510836-246851.JPG,67
2238512313-24904.JPG,67
2238512361-247052.JPG,67
2238513025-173209.JPG,67
2238513662-322638.JPG,67
2238513893-25171.JPG,67
2238513893-25172.JPG,67
2238514051-247314.JPG,67
2238514153-25215.JPG,67
2238514885-173564.JPG,67
2238515189-99366.JPG,67
2238515287-322872.JPG,67
2238515856-247604.JPG,67
2238516008-25483.JPG,67
2238516902-323092.JPG,67
2238516948-25678.JPG,67
2238517910-173999.JPG,67
2238518136-247945.JPG,67
2238518513-25904.JPG,67
2238518877-323426.JPG,67
2238519412-323492.JPG,67
2238519562-323522.JPG,67
2238520477-323649.JPG,67
2238520588-26183.JPG,67
2238520856-248310.JPG,67
2238520941-248331.JPG,67
2238521230-174459.JPG,67
2238521512-323844.JPG,67
2238521703-26363.JPG,67
2238521774-100321.JPG,67
2238521931-248449.JPG,67
2238522282-323929.JPG,67
2238522282-323930.JPG,67
2238522282-323931.JPG,67
2238523742-324178.JPG,67
2238523919-100673.JPG,67
2238524083-26698.JPG,67
2238524507-324335.JPG,67
2238524555-175014.JPG,67
2238526022-324599.JPG,67
2238526225-175299.JPG,67
2238527295-175480.JPG,67
2238528144-101481.JPG,67
2238528637-325109.JPG,67
2238529207-325254.JPG,67
2238530382-325517.JPG,67
2238532019-102325.JPG,67
2238537988-29627.JPG,67
2238538929-103925.JPG,67
2238547362-328455.JPG,67
2238549212-328918.JPG,67
2238550180-179951.JPG,67
2238550426-253893.JPG,67
2238550444-105817.JPG,67
2238550571-253921.JPG,67
2238550946-254019.JPG,67
2238551168-31840.JPG,67
2238551484-106132.JPG,67
2238551484-106134.JPG,67
2238551545-180297.JPG,67
2238551906-254287.JPG,67
2238552490-180518.JPG,67
2238552633-32124.JPG,67
2238552720-180578.JPG,67
2238552720-180582.JPG,67
2238552832-329856.JPG,67
2238553092-329897.JPG,67
2238553144-106499.JPG,67
2238553161-254507.JPG,67
2238553198-32238.JPG,67
2238553275-180683.JPG,67
2238553329-106528.JPG,67
2238553339-106532.JPG,67
2238553342-329942.JPG,67
2238553508-32282.JPG,67
2238553882-330049.JPG,67
2238554571-254744.JPG,67
2238554640-180887.JPG,67
2238554640-180888.JPG,67
2238554664-106746.JPG,67
2238554757-330213.JPG,67
2238554757-330214.JPG,67
2238554814-106765.JPG,67
2238554907-330246.JPG,67
2238555032-330278.JPG,67
2238555047-330281.JPG,67
2238555155-180973.JPG,67
2238555404-106833.JPG,67
2238555423-32585.JPG,67
2238555487-330342.JPG,67
2238555680-181076.JPG,67
2238555809-106911.JPG,67
2238555841-254982.JPG,67
2238555870-181104.JPG,67
2238556060-181154.JPG,67
2238556206-255055.JPG,67
2238556215-181196.JPG,67
2238556216-255057.JPG,67
2238556442-330546.JPG,67
2238556497-330563.JPG,67
2238556553-32792.JPG,67
2238556591-255140.JPG,67
2238556592-330595.JPG,67
2238556600-181277.JPG,67
2238556602-330597.JPG,67
2238556696-255161.JPG,67
2238556696-255162.JPG,67
2238556744-107115.JPG,67
2238556882-330666.JPG,67
2238556979-107158.JPG,67
2238557087-330720.JPG,67
2238557244-107231.JPG,67
2238557469-107290.JPG,67
2238557583-33008.JPG,67
2238557645-181528.JPG,67
2238557671-255390.JPG,67
2238557793-33060.JPG,67
2238557795-181566.JPG,67
2238557869-107373.JPG,67
2238557933-33092.JPG,67
2238557990-181608.JPG,67
2238558149-107431.JPG,67
2238558149-107436.JPG,67
2238558376-255558.JPG,67
2238558419-107501.JPG,67
2238558424-107502.JPG,67
2238558461-255578.JPG,67
2238558470-181724.JPG,67
2238558635-181761.JPG,67
2238558810-181789.JPG,67
2238558892-331166.JPG,67
2238558956-255693.JPG,67
2238558956-255694.JPG,67
2238559347-331265.JPG,67
2238559382-331275.JPG,67
2238559681-255871.JPG,67
2238559704-107843.JPG,67
2238559724-107845.JPG,67
2238559725-181985.JPG,67
2238559875-182018.JPG,67
2238559880-182019.JPG,67
2238559903-33541.JPG,67
2238559914-107893.JPG,67
2238559914-107895.JPG,67
2238559925-182025.JPG,67
2238559938-33549.JPG,67
2238559944-107902.JPG,67
2238559944-107907.JPG,67
2238559990-182040.JPG,67
2238560017-331394.JPG,67
2238560108-33594.JPG,67
2238560108-33595.JPG,67
2238560108-33596.JPG,67
2238560410-182141.JPG,67
2238560464-108022.JPG,67
2238560508-33678.JPG,67
2238560562-331507.JPG,67
2238560627-331522.JPG,67
2238560649-108083.JPG,67
2238560850-182226.JPG,67
2238560885-182234.JPG,67
2238560885-182239.JPG,67
2238560993-33749.JPG,67
2238561042-331606.JPG,67
2238561221-256181.JPG,67
2238561222-331647.JPG,67
2238561243-33800.JPG,67
2238561609-108287.JPG,67
2238562057-331783.JPG,67
2238562444-108429.JPG,67
2238562566-256412.JPG,67
2238562716-256437.JPG,67
2238562845-182569.JPG,67
2238562883-34097.JPG,67
2238562903-34104.JPG,67
2238562903-34105.JPG,67
2238562968-34117.JPG,67
2238562985-182597.JPG,67
2238562987-331983.JPG,67
2238563007-331987.JPG,67
2238563186-256534.JPG,67
2238563284-108589.JPG,67
2238563414-108607.JPG,67
2238563414-108608.JPG,67
2238563513-34263.JPG,67
2238563637-332113.JPG,67
2238563660-182720.JPG,67
2238563669-108655.JPG,67
2238563669-108656.JPG,67
2238563826-256674.JPG,67
2238563836-256679.JPG,67
2238563950-182766.JPG,67
2238563994-108725.JPG,67
2238564030-182798.JPG,67
2238564036-256714.JPG,67
2238564179-108773.JPG,67
2238564235-182826.JPG,67
2238564304-108797.JPG,67
2238564304-108801.JPG,67
2238564449-108844.JPG,67
2238564449-108845.JPG,67
2238564478-34483.JPG,67
2238564545-182886.JPG,67
2238564838-34542.JPG,67
2238565773-34726.JPG,67
2238565872-332510.JPG,67
2238565882-332513.JPG,67
2238566115-183171.JPG,67
2238566147-332567.JPG,67
2238566179-109130.JPG,67
2238566209-109136.JPG,67
2238566619-109213.JPG,67
2238566753-34869.JPG,67
2238567639-109426.JPG,67
2238567848-35034.JPG,67
2238567873-35038.JPG,67
2238569669-109774.JPG,67
2238569814-109808.JPG,67
2238569857-333174.JPG,67
2238570038-35404.JPG,67
2238570213-35424.JPG,67
2238570602-333299.JPG,67
2238570602-333301.JPG,67
2238571026-257958.JPG,67
2238571209-110034.JPG,67
2238571209-110035.JPG,67
2238571209-110036.JPG,67
2238571287-333409.JPG,67
2238572238-35764.JPG,67
2238572289-110212.JPG,67
2238572474-110252.JPG,67
2238573184-110394.JPG,67
2238573378-36017.JPG,67
2238573459-110469.JPG,67
2238573692-333897.JPG,67
2238573716-258495.JPG,67
2238574292-334068.JPG,67
2238574658-36372.JPG,67
2238575026-258895.JPG,67
2238575506-259021.JPG,67
2238575523-36593.JPG,67
2238575523-36595.JPG,67
2238575631-259046.JPG,67
2238575759-111046.JPG,67
2238576330-185222.JPG,67
2238576792-334659.JPG,67
2238577208-36975.JPG,67
2238577749-111535.JPG,67
2238577749-111536.JPG,67
2238578191-259591.JPG,67
2238578410-185653.JPG,67
2238578410-185658.JPG,67
2238579284-111874.JPG,67
2238579409-111907.JPG,67
2238581104-112308.JPG,67
2238582914-112710.JPG,67
2238583855-186897.JPG,67
2238584318-38586.JPG,67
2238584318-38587.JPG,67
2238585849-113346.JPG,67
2238588662-336911.JPG,67
2238588836-261729.JPG,67
2238588836-261730.JPG,67
2238589131-261751.JPG,67
2238589474-113662.JPG,67
2238589717-336991.JPG,67
2238589730-187675.JPG,67
2238589972-337002.JPG,67
2238589972-337003.JPG,67
2238589972-337004.JPG,67
2238590383-39289.JPG,67
2238590484-113747.JPG,67
2238590765-187748.JPG,67
2238590766-261862.JPG,67
2238591023-39325.JPG,67
2238591142-337087.JPG,67
2238591252-337094.JPG,67
2238591439-113811.JPG,67
2238591487-337125.JPG,67
2238591487-337126.JPG,67
2238591576-261930.JPG,67
2238591576-261931.JPG,67
2238591576-261932.JPG,67
2238591623-39371.JPG,67
2238591973-39385.JPG,67
2238592419-113866.JPG,67
2238592668-39431.JPG,67
2238592810-187877.JPG,67
2242671616-262186.JPG,67
2248039537-337761.JPG,67
2251780838-40147.JPG,67
2251780840-188548.JPG,67
2251781117-337945.JPG,67
2251781174-114683.JPG,67
2251781242-337973.JPG,67
2251781256-262821.JPG,67
2265771714-114739.JPG,67
2265771714-114741.JPG,67
2265771997-338115.JPG,67
2265772114-114838.JPG,67
2265772137-338152.JPG,67
2269197370-188876.JPG,67
2269197483-40547.JPG,67
2269197570-188935.JPG,67
2269197584-114979.JPG,67
2269197753-40613.JPG,67
2273187509-115106.JPG,67
2273187658-40752.JPG,67
2273187678-40759.JPG,67
2273187686-263290.JPG,67
2273187741-263302.JPG,67
2273188051-263372.JPG,67
2273838462-338708.JPG,67
2274829571-263621.JPG,67
2274829602-338815.JPG,67
2274829733-41071.JPG,67
2285836110-189484.JPG,67
2285836347-338932.JPG,67
2294394836-263817.JPG,67
2294394923-41291.JPG,67
2294395150-189714.JPG,67
2294395316-263955.JPG,67
2294395316-263957.JPG,67
2294395326-263958.JPG,67
2303159278-41454.JPG,67
2303159698-41576.JPG,67
2331570909-116054.JPG,67
2331571077-339459.JPG,67
2331571090-190052.JPG,67
2331571199-116133.JPG,67
2331571199-116135.JPG,67
2331571310-190100.JPG,67
2331571325-190104.JPG,67
2331571378-41801.JPG,67
2331571423-41813.JPG,67
2331571448-41820.JPG,67
2332527431-264396.JPG,67
2332527468-41858.JPG,67
2332527497-339569.JPG,67
2332527560-190187.JPG,67
2332527673-41899.JPG,67
2332527673-41902.JPG,67
2332527740-190235.JPG,67
2332527793-41932.JPG,67
2332527820-190259.JPG,67
2332528018-41983.JPG,67
2332528077-339717.JPG,67
2332528100-190335.JPG,67
2332528180-190353.JPG,67
2332528192-339747.JPG,67
2332528208-42034.JPG,67
2332528325-190413.JPG,67
2332528458-42098.JPG,67
2332528458-42100.JPG,67
2332528480-190442.JPG,67
2332528550-190447.JPG,67
2332528735-190481.JPG,67
2332528908-42163.JPG,67
2332528908-42164.JPG,67
2332528958-42172.JPG,67
2332528958-42173.JPG,67
2351006182-339919.JPG,67
2351006182-339921.JPG,67
2351006208-42217.JPG,67
2351006250-190582.JPG,67
2351006603-42273.JPG,67
2351006758-42307.JPG,67
2351006814-116713.JPG,67
2351006883-42332.JPG,67
2351006892-340048.JPG,67
2351006931-264887.JPG,67
2351006941-264890.JPG,67
2351007085-190729.JPG,67
2351007117-340085.JPG,67
2351007304-116796.JPG,67
2351007339-116807.JPG,67
2351007385-190780.JPG,67
2351007417-340147.JPG,67
2351007557-340169.JPG,67
2351007587-340179.JPG,67
2351007587-340180.JPG,67
2351007658-42489.JPG,67
2351007751-265054.JPG,67
2351007778-42507.JPG,67
2351007784-116883.JPG,67
2351007936-265091.JPG,67
2351008042-340272.JPG,67
2351008091-265122.JPG,67
2382315178-42587.JPG,67
2382315178-42591.JPG,67
2382319275-190986.JPG,67
2382319304-117015.JPG,67
2382319304-117018.JPG,67
2382320280-191047.JPG,67
2382320284-117072.JPG,67
2382320298-42661.JPG,67
2382321284-117121.JPG,67
2382321284-117122.JPG,67
2382321396-265295.JPG,67
2382321398-42734.JPG,67
2382322390-191168.JPG,67
2382323336-265351.JPG,67
2382323364-117227.JPG,67
2382324496-265426.JPG,67
2382324499-117287.JPG,67
2382324586-265444.JPG,67
2382324586-265445.JPG,67
2382324594-117310.JPG,67
2382324618-42906.JPG,67
2382324680-191315.JPG,67
2382324703-42924.JPG,67
2382325001-265534.JPG,67
2382325058-42988.JPG,67
2383041679-117453.JPG,67
2383042097-340843.JPG,67
2383042164-117565.JPG,67
2383042250-191554.JPG,67
2383042292-340885.JPG,67
2383042292-340886.JPG,67
2383042475-191610.JPG,67
2383042725-191673.JPG,67
2383042851-265830.JPG,67
2383042855-191703.JPG,67
2383043345-191802.JPG,67
2413147577-341184.JPG,67
2413148069-117969.JPG,67
2413148399-118036.JPG,67
2413148929-118155.JPG,67
2413149204-118207.JPG,67
2413149388-43865.JPG,67
2413149730-192386.JPG,67
2413149765-192390.JPG,67
2413149765-192391.JPG,67
2413149988-43966.JPG,67
2413150043-43976.JPG,67
2413150051-266494.JPG,67
2413150051-266495.JPG,67
2413150324-118390.JPG,67
2413150391-266545.JPG,67
2413150538-44036.JPG,67
2417206190-192600.JPG,67
2417206312-341908.JPG,67
2417206538-44224.JPG,67
2417206650-192703.JPG,67
2417206650-192705.JPG,67
2417206650-192709.JPG,67
2417206670-192716.JPG,67
2417207066-266873.JPG,67
2417207590-192896.JPG,67
2417207772-342227.JPG,67
2417207783-44487.JPG,67
2417208288-44578.JPG,67
2421821187-342367.JPG,67
2421821270-193156.JPG,67
2421821820-193282.JPG,67
2421821820-193284.JPG,67
2421822395-193390.JPG,67
2421822420-193394.JPG,67
2421822485-193415.JPG,67
2421822502-342676.JPG,67
2421822502-342683.JPG,67
2421822502-342684.JPG,67
2421822595-193443.JPG,67
2421822936-267593.JPG,67
2421823183-45076.JPG,67
2421823183-45077.JPG,67
2421823336-267662.JPG,67
2421823368-45102.JPG,67
2421823449-119499.JPG,67
2421823786-267728.JPG,67
2424121733-45307.JPG,67
2424121733-45309.JPG,67
2424121733-45310.JPG,67
2424122181-267962.JPG,67
2424122195-193942.JPG,67
2424122578-45518.JPG,67
2424122688-45548.JPG,67
2424122734-119948.JPG,67
2424123173-45650.JPG,67
2424123360-194149.JPG,67
2424123977-343517.JPG,67
2424125011-268464.JPG,67
2425492443-46110.JPG,67
2425492722-343880.JPG,67
2425492792-343895.JPG,67
2425495040-195045.JPG,67
2425495059-120972.JPG,67
2425495521-269134.JPG,67
2425495632-344408.JPG,67
2425495795-195179.JPG,67
2425496035-195225.JPG,67
2427871563-46739.JPG,67
2427871669-121191.JPG,67
2427871954-121275.JPG,67
2427872488-46993.JPG,67
2427872575-195509.JPG,67
2427872605-195514.JPG,67
2427872605-195516.JPG,67
2427872956-269627.JPG,67
2427873339-121614.JPG,67
2427873484-121644.JPG,67
2427873730-195748.JPG,67
2427873899-121735.JPG,67
2427873899-121737.JPG,67
2427875123-47570.JPG,67
2430663801-270168.JPG,67
2430664609-122318.JPG,67
2430664610-196400.JPG,67
2430664966-270470.JPG,67
2430664992-345801.JPG,67
2430664992-345803.JPG,67
2430665026-270487.JPG,67
2430665761-270675.JPG,67
2430666833-48428.JPG,67
2430666854-122908.JPG,67
2430666898-48445.JPG,67
2430667525-197100.JPG,67
2446758460-197451.JPG,67
2446759128-49083.JPG,67
2446759186-271681.JPG,67
2446760178-49351.JPG,67
2446760364-123961.JPG,67
2446760663-49485.JPG,67
2446760745-198102.JPG,67
2449442041-272408.JPG,67
2449442072-347675.JPG,67
2449442444-124427.JPG,67
2449443708-50232.JPG,67
2452380772-348571.JPG,67
2452381229-125335.JPG,67
2452381229-125337.JPG,67
2452381370-199498.JPG,67
2465026135-200446.JPG,67
2512875506-274764.JPG,67
2575122908-56107.JPG,67
2608816201-280206.JPG,67
2620437301-280636.JPG,67
2620439303-57822.JPG,67
2640666319-132840.JPG,67
2640671310-207280.JPG,67
2651219312-356748.JPG,67
2651224305-207386.JPG,67
2651225310-207389.JPG,67
2804901307-356855.JPG,67
2804902305-207425.JPG,67
2804902321-281726.JPG,67
2804904315-207455.JPG,67
2804914312-356976.JPG,67
2804914312-356979.JPG,67
2804914312-356980.JPG,67
2812983320-207626.JPG,67
2812983320-207627.JPG,67
2812983350-207634.JPG,67
2812984345-207649.JPG,67
2812984345-207651.JPG,67
2812985351-282007.JPG,67
2812985351-282008.JPG,67
2812988318-59136.JPG,67
2812989314-133329.JPG,67
2812990334-133347.JPG,67
2812994301-282152.JPG,67
2812997316-282214.JPG,67
2812998334-133493.JPG,67
2812999302-357331.JPG,67
2813002301-282282.JPG,67
2813002303-59401.JPG,67
2816355315-207950.JPG,67
2816360315-208009.JPG,67
2816360315-208010.JPG,67
2816363342-357523.JPG,67
2816367319-133736.JPG,67
2816367319-133737.JPG,67
2816367319-133738.JPG,67
2816367340-208140.JPG,67
2816368327-357595.JPG,67
2816369330-208166.JPG,67
2816372311-282592.JPG,67
2816372334-133835.JPG,67
2816372334-133836.JPG,67
2816372334-133837.JPG,67
2816373324-133849.JPG,67
2816373324-133850.JPG,67
2816374312-357691.JPG,67
2818063342-357724.JPG,67
2818064337-357740.JPG,67
2818065333-59786.JPG,67
2818065333-59787.JPG,67
2818065333-59788.JPG,67
2818066310-208303.JPG,67
2818068312-357803.JPG,67
2818069305-208356.JPG,67
2818072314-134076.JPG,67
2818072314-134078.JPG,67
2818072314-134079.JPG,67
2818072358-59919.JPG,67
2818073333-59935.JPG,67
2818073333-59936.JPG,67
2818073340-208459.JPG,67
2818074328-59945.JPG,67
2818074354-134129.JPG,67
2818078304-134189.JPG,67
2818078328-60031.JPG,67
2818079324-134226.JPG,67
2818082332-358061.JPG,67
2821586335-208609.JPG,67
2821586364-134308.JPG,67
2821588342-358126.JPG,67
2821589303-60177.JPG,67
2821589318-60180.JPG,67
2821591327-358186.JPG,67
2821591341-283221.JPG,67
2821594314-134441.JPG,67
2821595308-60284.JPG,67
2821596340-208807.JPG,67
2821596340-208809.JPG,67
2821597311-283329.JPG,67
2821597332-358334.JPG,67
2821599334-134553.JPG,67
2821600323-60408.JPG,67
2821601342-358411.JPG,67
2821605354-134690.JPG,67
2825693310-208978.JPG,67
2825695308-60561.JPG,67
2825699327-358616.JPG,67
2825702344-134827.JPG,67
2825704342-358712.JPG,67
2825704346-283705.JPG,67
2825705307-358716.JPG,67
2825706322-358733.JPG,67
2825706322-358734.JPG,67
2825711329-134947.JPG,67
2825712310-209289.JPG,67
2831358313-60967.JPG,67
2847224337-359164.JPG,67
2851420301-284305.JPG,67
2851420334-135411.JPG,67
2851420334-135412.JPG,67
2851420334-135413.JPG,67
2851420351-284322.JPG,67
2851421330-209749.JPG,67
2851431346-284549.JPG,67
2851436334-135731.JPG,67
2856917359-135767.JPG,67
2856917363-61611.JPG,67
2856919322-359674.JPG,67
2856921343-61699.JPG,67
2856924341-284843.JPG,67
2856924343-61759.JPG,67
2856925323-61764.JPG,67
2856932336-284999.JPG,67
2860294344-136050.JPG,67
2860294461-285084.JPG,67
2860295325-210463.JPG,67
2860298426-285199.JPG,67
2860298436-285201.JPG,67
2860299363-62138.JPG,67
2860299363-62139.JPG,67
2860299363-62141.JPG,67
2860300368-62175.JPG,67
2860300401-285266.JPG,67
2860300401-285267.JPG,67
2860300401-285268.JPG,67
2860301437-360250.JPG,67
2860301443-62234.JPG,67
2860303343-62281.JPG,67
2860304340-210783.JPG,67
2860304399-136415.JPG,67
2860304413-62335.JPG,67
2860306379-136482.JPG,67
2860306379-136483.JPG,67
2860306415-210848.JPG,67
2860307441-285492.JPG,67
2860308384-136539.JPG,67
2860308401-285516.JPG,67
2860308421-285522.JPG,67
2860308421-285524.JPG,67
2860310360-210973.JPG,67
2860311362-360564.JPG,67
2862684435-211097.JPG,67
2862685355-211121.JPG,67
2862685418-62693.JPG,67
2862686403-62734.JPG,67
2862686432-360785.JPG,67
2862686460-211193.JPG,67
2862687322-360801.JPG,67
2862688451-285910.JPG,67
2862690417-360959.JPG,67
2862690417-360966.JPG,67
2862690422-360967.JPG,67
2862690422-360968.JPG,67
2862691331-286015.JPG,67
2862693428-63078.JPG,67
2862693428-63080.JPG,67
2862694313-63095.JPG,67
2862694327-361111.JPG,67
2862694327-361113.JPG,67
2862694344-137224.JPG,67
2862695411-286184.JPG,67
2862696368-63222.JPG,67
2862696368-63224.JPG,67
2862697368-63256.JPG,67
2862697373-63257.JPG,67
2862697384-137365.JPG,67
2862698337-361285.JPG,67
2862698337-361286.JPG,67
2862699385-211735.JPG,67
2862700440-211799.JPG,67
2862701320-211805.JPG,67
2864897421-286622.JPG,67
2864898346-286649.JPG,67
2864898453-63664.JPG,67
2864900376-286739.JPG,67
2864900455-212105.JPG,67
2864901366-286787.JPG,67
2864901366-286788.JPG,67
2864901366-286789.JPG,67
2864902315-212161.JPG,67
2864902332-361775.JPG,67
2864902387-361791.JPG,67
2864903373-63857.JPG,67
2864903390-212238.JPG,67
2864903431-286890.JPG,67
2864904318-63893.JPG,67
2864904379-137979.JPG,67
2864905403-63966.JPG,67
2864907379-138078.JPG,67
2864908391-287113.JPG,67
2864908391-287114.JPG,67
2864908425-212475.JPG,67
2864908441-287128.JPG,67
2864910356-287192.JPG,67
2864910398-64201.JPG,67
2864910449-138208.JPG,67
2864911313-64216.JPG,67
2864911313-64217.JPG,67
2864911457-362259.JPG,67
2864912309-138263.JPG,67
2864912357-362285.JPG,67
2864912467-362322.JPG,67
2864913445-212671.JPG,67
2864914341-287365.JPG,67
2864915323-64413.JPG,67
2864916305-212754.JPG,67
2864916441-287504.JPG,67
2864916455-212799.JPG,67
2864916455-212800.JPG,67
2868472459-138708.JPG,67
2868472459-138709.JPG,67
2868472459-138710.JPG,67
2868472463-64768.JPG,67
2868473479-138765.JPG,67
2868473516-287809.JPG,67
2868476401-287958.JPG,67
2868476519-138947.JPG,67
2868477397-363055.JPG,67
2868478380-213367.JPG,67
2868478436-288088.JPG,67
2868480485-213526.JPG,67
2868480485-213527.JPG,67
2868481392-363311.JPG,67
2868481428-65352.JPG,67
2868481442-363326.JPG,67
2868482417-363363.JPG,67
2868482447-363373.JPG,67
2868482447-363375.JPG,67
2868483378-65461.JPG,67
2868484433-65516.JPG,67
2868484451-288467.JPG,67
2868487391-288639.JPG,67
2868488358-65744.JPG,67
2868488411-288701.JPG,67
2874299376-288750.JPG,67
2874299489-139709.JPG,67
2874304392-364052.JPG,67
2874306406-289160.JPG,67
2874306533-66238.JPG,67
2874307434-140168.JPG,67
2874308336-289274.JPG,67
2874310405-214697.JPG,67
2874310409-140360.JPG,67
2874310477-364431.JPG,67
2874311367-364473.JPG,67
2874312443-66576.JPG,67
2874312443-66577.JPG,67
2874312447-364541.JPG,67
2874313474-140579.JPG,67
2874314498-66713.JPG,67
2874314498-66714.JPG,67
2874314498-66715.JPG,67
2874314543-66724.JPG,67
2874318524-140900.JPG,67
2883254517-364972.JPG,67
2883255553-67079.JPG,67
2883256373-67106.JPG,67
2883256534-141076.JPG,67
2883256534-141077.JPG,67
2883257406-290132.JPG,67
2883257418-67181.JPG,67
2883257418-67182.JPG,67
2883257418-67183.JPG,67
2883258416-290195.JPG,67
2883259312-365245.JPG,67
2883259312-365246.JPG,67
2883259320-215522.JPG,67
2883263397-365543.JPG,67
2883263397-365545.JPG,67
2883263473-67592.JPG,67
2883263519-141479.JPG,67
2883264450-215886.JPG,67
2883264486-290594.JPG,67
2883265301-290614.JPG,67
2883265301-290616.JPG,67
2883268357-365889.JPG,67
2883269316-290875.JPG,67
2883269405-216182.JPG,67
2883270538-68036.JPG,67
2898618360-216525.JPG,67
2898618360-216527.JPG,67
2898620403-68397.JPG,67
2898622420-216716.JPG,67
2898622420-216718.JPG,67
2898622420-216719.JPG,67
2898622464-142394.JPG,67
2898623451-291500.JPG,67
2898624329-142437.JPG,67
2898625425-216861.JPG,67
2898625450-216868.JPG,67
2898625450-216870.JPG,67
2898628392-366801.JPG,67
2898629411-291796.JPG,67
2898631384-142724.JPG,67
2898631453-68926.JPG,67
2898632375-217129.JPG,67
2898632449-142806.JPG,67
2898632449-142807.JPG,67
2898633339-142818.JPG,67
2898633412-367039.JPG,67
2898635308-69076.JPG,67
2901934420-217436.JPG,67
2901934532-367334.JPG,67
2901934532-367335.JPG,67
2901934532-367337.JPG,67
2901936377-367469.JPG,67
2901937318-69473.JPG,67
2901938502-367651.JPG,67
2901938509-143440.JPG,67
2901938509-143443.JPG,67
2901939328-69636.JPG,67
2901939446-292654.JPG,67
2901939446-292655.JPG,67
2901940515-217896.JPG,67
2901941367-367846.JPG,67
2901942323-69885.JPG,67
2901942345-218013.JPG,67
2901942404-143710.JPG,67
2901942494-143741.JPG,67
2901943416-292946.JPG,67
2901943542-368092.JPG,67
2901944325-218147.JPG,67
2901944391-293038.JPG,67
2901944511-293075.JPG,67
2901944517-368169.JPG,67
2901945400-218258.JPG,67
2901945400-218259.JPG,67
2901946321-293191.JPG,67
2901946331-293196.JPG,67
2901946331-293198.JPG,67
2901946331-293199.JPG,67
2901946331-293201.JPG,67
2901947436-293331.JPG,67
2901947436-293333.JPG,67
2901947520-218433.JPG,67
2901949496-293514.JPG,67
2901950543-70563.JPG,67
2901951469-144440.JPG,67
2901951498-70624.JPG,67
2964207451-293860.JPG,67
2964207451-293861.JPG,67
2964211320-219007.JPG,67
2964211452-368988.JPG,67
2964211466-294001.JPG,67
2964214418-71017.JPG,67
2964216367-369185.JPG,67
2964217433-71124.JPG,67
2964218313-71151.JPG,67
2964219315-219341.JPG,67
2964219315-219343.JPG,67
2964222311-294396.JPG,67
2964225478-71464.JPG,67
2981228461-294593.JPG,67
2981230384-145354.JPG,67
2981234445-219877.JPG,67
2981238317-369983.JPG,67
2981238330-220023.JPG,67
2981239441-295077.JPG,67
2981243341-295229.JPG,67
2981246304-146050.JPG,67
2984621345-220705.JPG,67
2984625367-370836.JPG,67
2984625377-370840.JPG,67
2984628381-296001.JPG,67
2984629408-72943.JPG,67
2984630391-296081.JPG,67
2984632345-221059.JPG,67
2986398306-296223.JPG,67
2986400357-371198.JPG,67
2986408346-296384.JPG,67
2986450309-147212.JPG,67
2986451303-73581.JPG,67
2986455350-221615.JPG,67
2989719366-296904.JPG,67
2989722311-296998.JPG,67
2989723338-73906.JPG,67
2989733329-147932.JPG,67
2994387304-148006.JPG,67
2238503143-23402.JPG,70
2238380198-14014.JPG,71
2238381898-14102.JPG,71
2238067331-228033.JPG,72
2238125342-303956.JPG,72
2901938456-292568.JPG,72
